name,contact_email,slug,claim_invite_sent_at
Gbbb ltd,mantova.a2@gmail.com,gbbb-ltd-1oaj,2026-07-23 00:23:47.710000
maison anna,mantova.a@gmail.com,maison-anna-i4i1,2026-07-23 00:23:47.720000
Gbbb ltd,mantova.a@gmail.com,gbbb-ltd-27wg,2026-07-23 00:23:47.729000
Cutting Room,thecuttingroom@gmail.com,cutting-room-s2pe,2026-07-23 00:23:47.982000
The Gym Group London Streatham,chriswatson275@hotmail.com,the-gym-group-london-streatham-0844,2026-07-23 00:23:48.152000
B&Q Local - Streatham,jo.martin@b-and-q.co.uk,bq-local---streatham-1plc,2026-07-23 00:23:48.346000
Andrews Streatham,tom.glason@gmail.com,andrews-streatham-uuhb,2026-07-23 00:23:48.507000
The Book and Record Bar,thebookandrecordbar@gmail.com,the-book-and-record-bar-4lyy,2026-07-23 00:23:48.678000
Fight for Sight Tulse Hill Charity Shop,arthur@fightforsight.org,fight-for-sight-tulse-hill-charity-shop-sfz1,2026-07-23 00:23:48.831000
Tapi Carpets & Floors,danajirsova@yahoo.co.uk,tapi-carpets-floors-7nph,2026-07-23 00:23:49.156000
Danca Da Liberdade Capoeira School,info@ddluk.org,danca-da-liberdade-capoeira-school-v2z3,2026-07-23 00:23:49.315000
PureGym London Streatham,box4u2016@gmail.com,puregym-london-streatham-m7ea,2026-07-23 00:23:49.461000
MoreYoga Tulse Hill,hello@moreyoga.co.uk,moreyoga-tulse-hill-06ye,2026-07-23 00:23:49.619000
CeX,wecare@webuy.com,cex-8x5s,2026-07-23 00:23:49.797000
Lark Pilates,info@precise-pilates.com,lark-pilates-ub31,2026-07-23 00:23:49.959000
Tsunami Taekwondo Academy,tsunamitkd1@gmail.com,tsunami-taekwondo-academy-acuq,2026-07-23 00:23:50.126000
Anytime Fitness Tulse HIll,kate-hardy@outlook.com,anytime-fitness-tulse-hill-kxkz,2026-07-23 00:23:50.322000
Fight for Sight West Norwood Charity Shop,arthur@fightforsight.org,fight-for-sight-west-norwood-charity-shop-e4hr,2026-07-23 00:23:50.468000
All Aboard Shops,collections@allaboardshops.com,all-aboard-shops-dzbq,2026-07-23 00:23:50.648000
Emmaus SLC - Lofty,andrewfowler@emmaus.org.uk,emmaus-slc---lofty-hxfj,2026-07-23 00:23:50.820000
AEON BJJ,info@aeonbjj.co.uk,aeon-bjj-q6wp,2026-07-23 00:23:51.008000
Chi Combat System Norbury | Mixed Martial Arts,croydonchicombat@gmail.com,chi-combat-system-norbury-mixed-martial-arts-t78l,2026-07-23 00:23:51.176000
FEKM-UK Ltd,training@manchester-kravmaga.com,fekm-uk-ltd-fznu,2026-07-23 00:23:51.342000
Mortal Art Academy,matt@pixelspread.com,mortal-art-academy-qcgb,2026-07-23 00:23:51.501000
Jigsaw Performing Arts School Streatham,andrew@jigsaw-arts.co.uk,jigsaw-performing-arts-school-streatham-eah5,2026-07-23 00:23:51.670000
Tsunami Taekwondo,tsunamitkd1@gmail.com,tsunami-taekwondo-i1q6,2026-07-23 00:23:51.857000
"8 Rounds Boxing Gym, Streatham",info@8roundsboxing.co.uk,8-rounds-boxing-gym-streatham-pzjd,2026-07-23 00:23:52.028000
Mei Quan Qi Gong & Tai Chi - Tooting Common,mari@meiquantaichi.com,mei-quan-qi-gong-tai-chi---tooting-common-df1c,2026-07-23 00:23:52.196000
The Shala School of Yoga,admin@theshala.co.uk,the-shala-school-of-yoga-d0hc,2026-07-23 00:23:52.384000
Streatham Ice and Leisure Centre - Active Lambeth,activelambeth@lambeth.gov.uk,streatham-ice-and-leisure-centre---active-lambeth-c1v1,2026-07-23 00:23:52.543000
FullcircleQi,info@fullcircleqi.co.uk,fullcircleqi-gu66,2026-07-23 00:23:52.727000
West Norwood Health and Leisure Centre - Active Lambeth,activelambeth@lambeth.gov.uk,west-norwood-health-and-leisure-centre---active-la-ckil,2026-07-23 00:23:52.914000
Pilates with Caitlin,producer.caitlin.barnett@gmail.com,pilates-with-caitlin-2ed3,2026-07-23 00:23:53.092000
Pilates With Imo,imogencroftpilates@gmail.com,pilates-with-imo-3zu6,2026-07-23 00:23:53.250000
FARA Charity Shop - Streatham,raphe@faracharity.org,fara-charity-shop---streatham-tpxj,2026-07-23 00:23:53.406000
Shelter Charity Shop (Streatham),info@shelter.org.uk,shelter-charity-shop-streatham-0vu3,2026-07-23 00:23:53.585000
"Shop from Crisis, Streatham",joshuagreene@gmail.com,shop-from-crisis-streatham-t0v3,2026-07-23 00:23:53.741000
St Christopher's,donkulet@yahoo.com,st-christophers-n4gz,2026-07-23 00:23:53.912000
TGJones,help@web.tgjonesonline.co.uk,tgjones-m6iu,2026-07-23 00:23:54.088000
Cancer Research UK,tessa.bailey@cancer.org.uk,cancer-research-uk-pzpx,2026-07-23 00:23:54.260000
British Heart Foundation - Books and Music Shop,gafgad@bhg.org.uk,british-heart-foundation---books-and-music-shop-z28d,2026-07-23 00:23:54.429000
British Heart Foundation,gafgad@bhg.org.uk,british-heart-foundation-tax4,2026-07-23 00:23:54.578000
Sense,hilario@sense.com,sense-qqjy,2026-07-23 00:23:54.756000
Lark Streatham,hello@larklondon.com,lark-streatham-ls86,2026-07-23 00:23:54.947000
Cancer Research UK,tessa.bailey@cancer.org.uk,cancer-research-uk-7i98,2026-07-23 00:23:55.097000
Emmaus SLC - Knights Hill,andrewfowler@emmaus.org.uk,emmaus-slc---knights-hill-wlj9,2026-07-23 00:23:55.270000
Access Self Storage Streatham,changesloco@yahoo.com,access-self-storage-streatham-re6w,2026-07-23 00:23:55.420000
Krav Maga Self Defence Classes,training@kravdefence.co.uk,krav-maga-self-defence-classes-3p0x,2026-07-23 00:23:55.594000
Norwood Community Group Services,info@norwoodcommunitygroup.co.uk,norwood-community-group-services-jrz2,2026-07-23 00:23:55.768000
Zac & Co hair and beauty salon,info@zacandco.co.uk,zac-co-hair-and-beauty-salon-die4,2026-07-23 00:23:55.934000
